{
  "data": {
    "best_30_hashtags": {
      "hashtags": [
        "travel",
        "travelgram",
        "traveling",
        "travelphotography",
        "travelling",
        "travelblogger",
        "traveler",
        "traveller",
        "travelingram",
        "traveltheworld",
        "travelblog",
        "travels",
        "traveladdict",
        "travellife",
        "travelphoto",
        "travelpics",
        "traveldiaries",
        "travelbug",
        "travelawesome",
        "travelpic",
        "travelers",
        "travelstoke",
        "travelgirl",
        "traveldiary",
        "traveldeeper",
        "travellingthroughtheworld",
        "travellers",
        "travelph",
        "travelersnotebook",
        "travelmore"
      ],
      "more_hashtags": [
        {
          "hashtags": [
            "travelstagram",
            "travelphotographer",
            "TravelLover",
            "travelgoals",
            "travelogue",
            "travelandlife",
            "travelasia",
            "travelworld",
            "travelphotos",
            "travelwriter",
            "travelporn",
            "travellove",
            "traveltips",
            "travelinspiration",
            "travelingtheworld",
            "traveljunkie",
            "travelcouple",
            "travelbloggers",
            "travelwithme",
            "travelaroundtheworld",
            "travelholic",
            "travelbag",
            "traveltime",
            "travelagent",
            "travelstroke",
            "travelstyle",
            "traveltuesday",
            "traveleurope",
            "travellovers",
            "travelingourplanet"
          ]
        },
        {
          "hashtags": [
            "travelstagram",
            "travelphotographer",
            "TravelLover",
            "travelgoals",
            "travelogue",
            "travelandlife",
            "travelasia",
            "travelworld",
            "travelphotos",
            "travelwriter",
            "travelporn",
            "travellove",
            "traveltips",
            "travelinspiration",
            "travelingtheworld",
            "traveljunkie",
            "travelcouple",
            "travelbloggers",
            "travelwithme",
            "travelaroundtheworld",
            "travelholic",
            "travelbag",
            "traveltime",
            "travelagent",
            "travelstroke",
            "travelstyle",
            "traveltuesday",
            "traveleurope",
            "travellovers",
            "travelingourplanet",
            "travelwithkids",
            "travelinstyle",
            "travelguide",
            "travelnoire",
            "travelinggram",
            "travelalberta",
            "traveloften",
            "travelandleisure",
            "travelbuddy",
            "travelindia",
            "travelmemories",
            "travelislife",
            "travellingram",
            "travelalone",
            "traveljournal",
            "travelnow",
            "travelrealindia",
            "Travelstories",
            "travellifestyle",
            "travelvlog",
            "TravelJapan",
            "travelfood",
            "travellingtheworld",
            "travellushes",
            "travelgrams",
            "travelquotes",
            "traveloregon",
            "travellust",
            "travelitaly",
            "travelinspired"
          ]
        },
        {
          "hashtags": [
            "travelstagram",
            "travelphotographer",
            "TravelLover",
            "travelgoals",
            "travelogue",
            "travelandlife",
            "travelasia",
            "travelworld",
            "travelphotos",
            "travelwriter",
            "travelporn",
            "travellove",
            "traveltips",
            "travelinspiration",
            "travelingtheworld",
            "traveljunkie",
            "travelcouple",
            "travelbloggers",
            "travelwithme",
            "travelaroundtheworld",
            "travelholic",
            "travelbag",
            "traveltime",
            "travelagent",
            "travelstroke",
            "travelstyle",
            "traveltuesday",
            "traveleurope",
            "travellovers",
            "travelingourplanet",
            "travelwithkids",
            "travelinstyle",
            "travelguide",
            "travelnoire",
            "travelinggram",
            "travelalberta",
            "traveloften",
            "travelandleisure",
            "travelbuddy",
            "travelindia",
            "travelmemories",
            "travelislife",
            "travellingram",
            "travelalone",
            "traveljournal",
            "travelnow",
            "travelrealindia",
            "Travelstories",
            "travellifestyle",
            "travelvlog",
            "TravelJapan",
            "travelfood",
            "travellingtheworld",
            "travellushes",
            "travelgrams",
            "travelquotes",
            "traveloregon",
            "travellust",
            "travelitaly",
            "travelinspired",
            "travelagency",
            "travelvibes",
            "travelinspo",
            "TravelUSA",
            "traveltodaytv",
            "travelthailand",
            "travelbook",
            "travelingindonesia",
            "travelmagazin",
            "travell",
            "traveltheglobe",
            "traveldestination",
            "TravelAfrica",
            "travellerslife",
            "travelchannel",
            "travelgirls",
            "traveladdicted",
            "travelforlife",
            "TravelVlogger",
            "travelinsta",
            "travelista",
            "travelblogging",
            "travelbuddies",
            "travelvideo",
            "travelpreneur",
            "travelog",
            "travelindonesia",
            "travelcanada",
            "travelstory",
            "TravelLog"
          ]
        },
        {
          "hashtags": [
            "travelstagram",
            "travelphotographer",
            "TravelLover",
            "travelgoals",
            "travelogue",
            "travelandlife",
            "travelasia",
            "travelworld",
            "travelphotos",
            "travelwriter",
            "travelporn",
            "travellove",
            "traveltips",
            "travelinspiration",
            "travelingtheworld",
            "traveljunkie",
            "travelcouple",
            "travelbloggers",
            "travelwithme",
            "travelaroundtheworld",
            "travelholic",
            "travelbag",
            "traveltime",
            "travelagent",
            "travelstroke",
            "travelstyle",
            "traveltuesday",
            "traveleurope",
            "travellovers",
            "travelingourplanet",
            "travelwithkids",
            "travelinstyle",
            "travelguide",
            "travelnoire",
            "travelinggram",
            "travelalberta",
            "traveloften",
            "travelandleisure",
            "travelbuddy",
            "travelindia",
            "travelmemories",
            "travelislife",
            "travellingram",
            "travelalone",
            "traveljournal",
            "travelnow",
            "travelrealindia",
            "Travelstories",
            "travellifestyle",
            "travelvlog",
            "TravelJapan",
            "travelfood",
            "travellingtheworld",
            "travellushes",
            "travelgrams",
            "travelquotes",
            "traveloregon",
            "travellust",
            "travelitaly",
            "travelinspired",
            "travelagency",
            "travelvibes",
            "travelinspo",
            "TravelUSA",
            "traveltodaytv",
            "travelthailand",
            "travelbook",
            "travelingindonesia",
            "travelmagazin",
            "travell",
            "traveltheglobe",
            "traveldestination",
            "TravelAfrica",
            "travellerslife",
            "travelchannel",
            "travelgirls",
            "traveladdicted",
            "travelforlife",
            "TravelVlogger",
            "travelinsta",
            "travelista",
            "travelblogging",
            "travelbuddies",
            "travelvideo",
            "travelpreneur",
            "travelog",
            "travelindonesia",
            "travelcanada",
            "travelstory",
            "TravelLog",
            "travelaustralia",
            "travelpost",
            "travelbeautifulpakistan",
            "TravelingStylist",
            "travelMexico",
            "Traveltogether",
            "travelpictures",
            "travelbloggerlife",
            "traveleroftheweek",
            "travelOn",
            "travelmorocco",
            "travelisthenewclub",
            "travelingmodel",
            "travelife",
            "travelsolo",
            "travelabroad",
            "traveldairies",
            "TravelGuru",
            "travelingcouple",
            "traveladventures",
            "travelkarnataka",
            "travelGreece",
            "traveldudes",
            "travelingpost",
            "travelfrance",
            "travelphilippines",
            "travelrack",
            "TravelRepost",
            "travelquote",
            "travelstuff"
          ]
        },
        {
          "hashtags": [
            "travelstagram",
            "travelphotographer",
            "TravelLover",
            "travelgoals",
            "travelogue",
            "travelandlife",
            "travelasia",
            "travelworld",
            "travelphotos",
            "travelwriter",
            "travelporn",
            "travellove",
            "traveltips",
            "travelinspiration",
            "travelingtheworld",
            "traveljunkie",
            "travelcouple",
            "travelbloggers",
            "travelwithme",
            "travelaroundtheworld",
            "travelholic",
            "travelbag",
            "traveltime",
            "travelagent",
            "travelstroke",
            "travelstyle",
            "traveltuesday",
            "traveleurope",
            "travellovers",
            "travelingourplanet",
            "travelwithkids",
            "travelinstyle",
            "travelguide",
            "travelnoire",
            "travelinggram",
            "travelalberta",
            "traveloften",
            "travelandleisure",
            "travelbuddy",
            "travelindia",
            "travelmemories",
            "travelislife",
            "travellingram",
            "travelalone",
            "traveljournal",
            "travelnow",
            "travelrealindia",
            "Travelstories",
            "travellifestyle",
            "travelvlog",
            "TravelJapan",
            "travelfood",
            "travellingtheworld",
            "travellushes",
            "travelgrams",
            "travelquotes",
            "traveloregon",
            "travellust",
            "travelitaly",
            "travelinspired",
            "travelagency",
            "travelvibes",
            "travelinspo",
            "TravelUSA",
            "traveltodaytv",
            "travelthailand",
            "travelbook",
            "travelingindonesia",
            "travelmagazin",
            "travell",
            "traveltheglobe",
            "traveldestination",
            "TravelAfrica",
            "travellerslife",
            "travelchannel",
            "travelgirls",
            "traveladdicted",
            "travelforlife",
            "TravelVlogger",
            "travelinsta",
            "travelista",
            "travelblogging",
            "travelbuddies",
            "travelvideo",
            "travelpreneur",
            "travelog",
            "travelindonesia",
            "travelcanada",
            "travelstory",
            "TravelLog",
            "travelaustralia",
            "travelpost",
            "travelbeautifulpakistan",
            "TravelingStylist",
            "travelMexico",
            "Traveltogether",
            "travelpictures",
            "travelbloggerlife",
            "traveleroftheweek",
            "travelOn",
            "travelmorocco",
            "travelisthenewclub",
            "travelingmodel",
            "travelife",
            "travelsolo",
            "travelabroad",
            "traveldairies",
            "TravelGuru",
            "travelingcouple",
            "traveladventures",
            "travelkarnataka",
            "travelGreece",
            "traveldudes",
            "travelingpost",
            "travelfrance",
            "travelphilippines",
            "travelrack",
            "TravelRepost",
            "travelquote",
            "travelstuff",
            "travelfun",
            "travelfamily",
            "travelBC",
            "travel2017",
            "travelwell",
            "travelingwithkids",
            "travelshots",
            "travelmood",
            "travelgramitalia",
            "traveltagged",
            "travelessentials",
            "travelingphotographer",
            "travelart",
            "traveladventure",
            "travelturkey",
            "travellersnotebook",
            "travelphotooftheday",
            "travelingyogi",
            "TravelTheWorldWithScarlettRose",
            "traveldestinations",
            "travelwithus",
            "Travelerslife",
            "traveligram",
            "travellingalone",
            "travelmagazine",
            "travellingindonesia",
            "travelphotograph",
            "travelfreak",
            "travelaccessories",
            "travellingaroundtheworld"
          ]
        }
      ]
    },
    "similar_hashtags": {
      "hashtags": [
        "Travelgram",
        "traveling",
        "Travelphotography",
        "travelling",
        "travelblogger",
        "traveler",
        "traveller",
        "travelingram",
        "traveltheworld",
        "travelblog",
        "travels",
        "traveladdict",
        "travellife",
        "travelphoto",
        "travelpics",
        "traveldiaries",
        "travelbug",
        "TravelAwesome",
        "travelpic",
        "travelers",
        "travelstoke",
        "travelgirl",
        "traveldiary",
        "traveldeeper",
        "travellingthroughtheworld",
        "travellers",
        "travelph",
        "travelersnotebook",
        "travelmore",
        "travelstagram"
      ],
      "more_hashtags": [
        {
          "hashtags": [
            "travelstagram",
            "travelphotographer",
            "TravelLover",
            "travelgoals",
            "travelogue",
            "travelandlife",
            "travelasia",
            "travelworld",
            "travelphotos",
            "travelwriter",
            "travelporn",
            "travellove",
            "traveltips",
            "travelinspiration",
            "travelingtheworld",
            "traveljunkie",
            "travelcouple",
            "travelbloggers",
            "travelwithme",
            "travelaroundtheworld",
            "travelholic",
            "travelbag",
            "traveltime",
            "travelagent",
            "travelstroke",
            "travelstyle",
            "traveltuesday",
            "traveleurope",
            "travellovers",
            "travelingourplanet"
          ]
        },
        {
          "hashtags": [
            "travelstagram",
            "travelphotographer",
            "TravelLover",
            "travelgoals",
            "travelogue",
            "travelandlife",
            "travelasia",
            "travelworld",
            "travelphotos",
            "travelwriter",
            "travelporn",
            "travellove",
            "traveltips",
            "travelinspiration",
            "travelingtheworld",
            "traveljunkie",
            "travelcouple",
            "travelbloggers",
            "travelwithme",
            "travelaroundtheworld",
            "travelholic",
            "travelbag",
            "traveltime",
            "travelagent",
            "travelstroke",
            "travelstyle",
            "traveltuesday",
            "traveleurope",
            "travellovers",
            "travelingourplanet",
            "travelwithkids",
            "travelinstyle",
            "travelguide",
            "travelnoire",
            "travelinggram",
            "travelalberta",
            "traveloften",
            "travelandleisure",
            "travelbuddy",
            "travelindia",
            "travelmemories",
            "travelislife",
            "travellingram",
            "travelalone",
            "traveljournal",
            "travelnow",
            "travelrealindia",
            "Travelstories",
            "travellifestyle",
            "travelvlog",
            "TravelJapan",
            "travelfood",
            "travellingtheworld",
            "travellushes",
            "travelgrams",
            "travelquotes",
            "traveloregon",
            "travellust",
            "travelitaly",
            "travelinspired"
          ]
        },
        {
          "hashtags": [
            "travelstagram",
            "travelphotographer",
            "TravelLover",
            "travelgoals",
            "travelogue",
            "travelandlife",
            "travelasia",
            "travelworld",
            "travelphotos",
            "travelwriter",
            "travelporn",
            "travellove",
            "traveltips",
            "travelinspiration",
            "travelingtheworld",
            "traveljunkie",
            "travelcouple",
            "travelbloggers",
            "travelwithme",
            "travelaroundtheworld",
            "travelholic",
            "travelbag",
            "traveltime",
            "travelagent",
            "travelstroke",
            "travelstyle",
            "traveltuesday",
            "traveleurope",
            "travellovers",
            "travelingourplanet",
            "travelwithkids",
            "travelinstyle",
            "travelguide",
            "travelnoire",
            "travelinggram",
            "travelalberta",
            "traveloften",
            "travelandleisure",
            "travelbuddy",
            "travelindia",
            "travelmemories",
            "travelislife",
            "travellingram",
            "travelalone",
            "traveljournal",
            "travelnow",
            "travelrealindia",
            "Travelstories",
            "travellifestyle",
            "travelvlog",
            "TravelJapan",
            "travelfood",
            "travellingtheworld",
            "travellushes",
            "travelgrams",
            "travelquotes",
            "traveloregon",
            "travellust",
            "travelitaly",
            "travelinspired",
            "travelagency",
            "travelvibes",
            "travelinspo",
            "TravelUSA",
            "traveltodaytv",
            "travelthailand",
            "travelbook",
            "travelingindonesia",
            "travelmagazin",
            "travell",
            "traveltheglobe",
            "traveldestination",
            "TravelAfrica",
            "travellerslife",
            "travelchannel",
            "travelgirls",
            "traveladdicted",
            "travelforlife",
            "TravelVlogger",
            "travelinsta",
            "travelista",
            "travelblogging",
            "travelbuddies",
            "travelvideo",
            "travelpreneur",
            "travelog",
            "travelindonesia",
            "travelcanada",
            "travelstory",
            "TravelLog"
          ]
        },
        {
          "hashtags": [
            "travelstagram",
            "travelphotographer",
            "TravelLover",
            "travelgoals",
            "travelogue",
            "travelandlife",
            "travelasia",
            "travelworld",
            "travelphotos",
            "travelwriter",
            "travelporn",
            "travellove",
            "traveltips",
            "travelinspiration",
            "travelingtheworld",
            "traveljunkie",
            "travelcouple",
            "travelbloggers",
            "travelwithme",
            "travelaroundtheworld",
            "travelholic",
            "travelbag",
            "traveltime",
            "travelagent",
            "travelstroke",
            "travelstyle",
            "traveltuesday",
            "traveleurope",
            "travellovers",
            "travelingourplanet",
            "travelwithkids",
            "travelinstyle",
            "travelguide",
            "travelnoire",
            "travelinggram",
            "travelalberta",
            "traveloften",
            "travelandleisure",
            "travelbuddy",
            "travelindia",
            "travelmemories",
            "travelislife",
            "travellingram",
            "travelalone",
            "traveljournal",
            "travelnow",
            "travelrealindia",
            "Travelstories",
            "travellifestyle",
            "travelvlog",
            "TravelJapan",
            "travelfood",
            "travellingtheworld",
            "travellushes",
            "travelgrams",
            "travelquotes",
            "traveloregon",
            "travellust",
            "travelitaly",
            "travelinspired",
            "travelagency",
            "travelvibes",
            "travelinspo",
            "TravelUSA",
            "traveltodaytv",
            "travelthailand",
            "travelbook",
            "travelingindonesia",
            "travelmagazin",
            "travell",
            "traveltheglobe",
            "traveldestination",
            "TravelAfrica",
            "travellerslife",
            "travelchannel",
            "travelgirls",
            "traveladdicted",
            "travelforlife",
            "TravelVlogger",
            "travelinsta",
            "travelista",
            "travelblogging",
            "travelbuddies",
            "travelvideo",
            "travelpreneur",
            "travelog",
            "travelindonesia",
            "travelcanada",
            "travelstory",
            "TravelLog",
            "travelaustralia",
            "travelpost",
            "travelbeautifulpakistan",
            "TravelingStylist",
            "travelMexico",
            "Traveltogether",
            "travelpictures",
            "travelbloggerlife",
            "traveleroftheweek",
            "travelOn",
            "travelmorocco",
            "travelisthenewclub",
            "travelingmodel",
            "travelife",
            "travelsolo",
            "travelabroad",
            "traveldairies",
            "TravelGuru",
            "travelingcouple",
            "traveladventures",
            "travelkarnataka",
            "travelGreece",
            "traveldudes",
            "travelingpost",
            "travelfrance",
            "travelphilippines",
            "travelrack",
            "TravelRepost",
            "travelquote",
            "travelstuff"
          ]
        },
        {
          "hashtags": [
            "travelstagram",
            "travelphotographer",
            "TravelLover",
            "travelgoals",
            "travelogue",
            "travelandlife",
            "travelasia",
            "travelworld",
            "travelphotos",
            "travelwriter",
            "travelporn",
            "travellove",
            "traveltips",
            "travelinspiration",
            "travelingtheworld",
            "traveljunkie",
            "travelcouple",
            "travelbloggers",
            "travelwithme",
            "travelaroundtheworld",
            "travelholic",
            "travelbag",
            "traveltime",
            "travelagent",
            "travelstroke",
            "travelstyle",
            "traveltuesday",
            "traveleurope",
            "travellovers",
            "travelingourplanet",
            "travelwithkids",
            "travelinstyle",
            "travelguide",
            "travelnoire",
            "travelinggram",
            "travelalberta",
            "traveloften",
            "travelandleisure",
            "travelbuddy",
            "travelindia",
            "travelmemories",
            "travelislife",
            "travellingram",
            "travelalone",
            "traveljournal",
            "travelnow",
            "travelrealindia",
            "Travelstories",
            "travellifestyle",
            "travelvlog",
            "TravelJapan",
            "travelfood",
            "travellingtheworld",
            "travellushes",
            "travelgrams",
            "travelquotes",
            "traveloregon",
            "travellust",
            "travelitaly",
            "travelinspired",
            "travelagency",
            "travelvibes",
            "travelinspo",
            "TravelUSA",
            "traveltodaytv",
            "travelthailand",
            "travelbook",
            "travelingindonesia",
            "travelmagazin",
            "travell",
            "traveltheglobe",
            "traveldestination",
            "TravelAfrica",
            "travellerslife",
            "travelchannel",
            "travelgirls",
            "traveladdicted",
            "travelforlife",
            "TravelVlogger",
            "travelinsta",
            "travelista",
            "travelblogging",
            "travelbuddies",
            "travelvideo",
            "travelpreneur",
            "travelog",
            "travelindonesia",
            "travelcanada",
            "travelstory",
            "TravelLog",
            "travelaustralia",
            "travelpost",
            "travelbeautifulpakistan",
            "TravelingStylist",
            "travelMexico",
            "Traveltogether",
            "travelpictures",
            "travelbloggerlife",
            "traveleroftheweek",
            "travelOn",
            "travelmorocco",
            "travelisthenewclub",
            "travelingmodel",
            "travelife",
            "travelsolo",
            "travelabroad",
            "traveldairies",
            "TravelGuru",
            "travelingcouple",
            "traveladventures",
            "travelkarnataka",
            "travelGreece",
            "traveldudes",
            "travelingpost",
            "travelfrance",
            "travelphilippines",
            "travelrack",
            "TravelRepost",
            "travelquote",
            "travelstuff",
            "travelfun",
            "travelfamily",
            "travelBC",
            "travel2017",
            "travelwell",
            "travelingwithkids",
            "travelshots",
            "travelmood",
            "travelgramitalia",
            "traveltagged",
            "travelessentials",
            "travelingphotographer",
            "travelart",
            "traveladventure",
            "travelturkey",
            "travellersnotebook",
            "travelphotooftheday",
            "travelingyogi",
            "TravelTheWorldWithScarlettRose",
            "traveldestinations",
            "travelwithus",
            "Travelerslife",
            "traveligram",
            "travellingalone",
            "travelmagazine",
            "travellingindonesia",
            "travelphotograph",
            "travelfreak",
            "travelaccessories",
            "travellingaroundtheworld"
          ]
        }
      ]
    },
    "similar_keywords": [
      "Travelgram",
      "traveling",
      "Travelphotography",
      "travelling",
      "travelblogger",
      "traveler",
      "traveller",
      "travelingram",
      "traveltheworld",
      "travelblog",
      "travels",
      "traveladdict",
      "travellife",
      "travelphoto",
      "travelpics",
      "traveldiaries",
      "travelbug",
      "TravelAwesome",
      "travelpic",
      "travelers",
      "travelstoke",
      "travelgirl",
      "traveldiary",
      "traveldeeper",
      "travellingthroughtheworld",
      "travellers",
      "travelph",
      "travelersnotebook",
      "travelmore",
      "travelstagram",
      "travelphotographer",
      "TravelLover",
      "travelgoals",
      "travelogue",
      "travelandlife",
      "travelasia",
      "travelworld",
      "travelphotos",
      "travelwriter",
      "travelporn",
      "travellove",
      "traveltips",
      "travelinspiration",
      "travelingtheworld",
      "traveljunkie",
      "travelcouple",
      "travelbloggers",
      "travelwithme",
      "travelaroundtheworld",
      "travelholic"
    ]
  },
  "status": "ok",
  "status_message": "Query was successful",
  "@meta": {
    "api_version": "v1",
    "execution_time": "2859ms",
    "cache_hit": false
  }
}