{
  "data": {
    "distinct_hashtags_count": 45,
    "hashtags": [
      {
        "hashtag": "#travel",
        "relevance": 100,
        "total_posts": 533057225,
        "average_likes": 1249.89,
        "lowest_likes": 143,
        "average_comments_top_posts": 30.11,
        "posts_per_hour": 6514.29
      },
      {
        "hashtag": "#photography",
        "relevance": 71,
        "total_posts": 671410061,
        "average_likes": 296.22,
        "lowest_likes": 124,
        "average_comments_top_posts": 16.67,
        "posts_per_hour": 12300
      },
      {
        "hashtag": "#beautiful",
        "relevance": 57,
        "total_posts": 703729026,
        "average_likes": 578.78,
        "lowest_likes": 139,
        "average_comments_top_posts": 18.67,
        "posts_per_hour": 10028.57
      },
      {
        "hashtag": "#nature",
        "relevance": 57,
        "total_posts": 582594330,
        "average_likes": 429.33,
        "lowest_likes": 172,
        "average_comments_top_posts": 17.11,
        "posts_per_hour": 11353.85
      },
      {
        "hashtag": "#travelphotography",
        "relevance": 57,
        "total_posts": 137001318,
        "average_likes": 254,
        "lowest_likes": 119,
        "average_comments_top_posts": 14.22,
        "posts_per_hour": 9.62
      },
      {
        "hashtag": "#europe",
        "relevance": 28,
        "total_posts": 56451320,
        "average_likes": 208.11,
        "lowest_likes": 128,
        "average_comments_top_posts": 11.22,
        "posts_per_hour": 295.89
      },
      {
        "hashtag": "#france",
        "relevance": 28,
        "total_posts": 85394213,
        "average_likes": 1022.89,
        "lowest_likes": 132,
        "average_comments_top_posts": 37.67,
        "posts_per_hour": 1173.91
      },
      {
        "hashtag": "#travelgram",
        "relevance": 28,
        "total_posts": 134519191,
        "average_likes": 223,
        "lowest_likes": 133,
        "average_comments_top_posts": 16.44,
        "posts_per_hour": 94.03
      },
      {
        "hashtag": "#fashion",
        "relevance": 28,
        "total_posts": 888819098,
        "average_likes": 944.89,
        "lowest_likes": 135,
        "average_comments_top_posts": 22.33,
        "posts_per_hour": 11454.55
      },
      {
        "hashtag": "#smile",
        "relevance": 28,
        "total_posts": 384519947,
        "average_likes": 539.33,
        "lowest_likes": 107,
        "average_comments_top_posts": 13.11,
        "posts_per_hour": 1636.36
      },
      {
        "hashtag": "#art",
        "relevance": 28,
        "total_posts": 728035607,
        "average_likes": 721.44,
        "lowest_likes": 106,
        "average_comments_top_posts": 13.89,
        "posts_per_hour": 12436.36
      },
      {
        "hashtag": "#photooftheday",
        "relevance": 28,
        "total_posts": 863156179,
        "average_likes": 317.44,
        "lowest_likes": 106,
        "average_comments_top_posts": 22.22,
        "posts_per_hour": 318.79
      },
      {
        "hashtag": "#instagood",
        "relevance": 28,
        "total_posts": 1250780016,
        "average_likes": 233.33,
        "lowest_likes": 112,
        "average_comments_top_posts": 11.33,
        "posts_per_hour": 3789.47
      },
      {
        "hashtag": "#landscape",
        "relevance": 28,
        "total_posts": 153735166,
        "average_likes": 2853.78,
        "lowest_likes": 132,
        "average_comments_top_posts": 34.67,
        "posts_per_hour": 1766.04
      },
      {
        "hashtag": "#autumn",
        "relevance": 28,
        "total_posts": 98131040,
        "average_likes": 799.78,
        "lowest_likes": 140,
        "average_comments_top_posts": 15.56,
        "posts_per_hour": 1239.34
      },
      {
        "hashtag": "#travelphotographyoftheday",
        "relevance": 14,
        "total_posts": 172922,
        "average_likes": 1221.33,
        "lowest_likes": 152,
        "average_comments_top_posts": 25.78,
        "posts_per_hour": 3.94
      },
      {
        "hashtag": "#christmas",
        "relevance": 14,
        "total_posts": 149216457,
        "average_likes": 3518.56,
        "lowest_likes": 160,
        "average_comments_top_posts": 60.78,
        "posts_per_hour": 6048
      },
      {
        "hashtag": "#likeforlikes",
        "relevance": 14,
        "total_posts": 237682629,
        "average_likes": 409.67,
        "lowest_likes": 126,
        "average_comments_top_posts": 30.67,
        "posts_per_hour": 71.46
      },
      {
        "hashtag": "#colmar",
        "relevance": 14,
        "total_posts": 805093,
        "average_likes": 4413.11,
        "lowest_likes": 1143,
        "average_comments_top_posts": 40.67,
        "posts_per_hour": 19.48
      },
      {
        "hashtag": "#christmasvibes",
        "relevance": 14,
        "total_posts": 984612,
        "average_likes": 4646.22,
        "lowest_likes": 399,
        "average_comments_top_posts": 69.56,
        "posts_per_hour": 136.9
      },
      {
        "hashtag": "#christmastree",
        "relevance": 14,
        "total_posts": 23080482,
        "average_likes": 7333.33,
        "lowest_likes": 1518,
        "average_comments_top_posts": 131.67,
        "posts_per_hour": 684.78
      },
      {
        "hashtag": "#christmasdecor",
        "relevance": 14,
        "total_posts": 6348448,
        "average_likes": 5359,
        "lowest_likes": 1375,
        "average_comments_top_posts": 137,
        "posts_per_hour": 1057.34
      },
      {
        "hashtag": "#christmasmood",
        "relevance": 14,
        "total_posts": 2009068,
        "average_likes": 5256.44,
        "lowest_likes": 2066,
        "average_comments_top_posts": 85,
        "posts_per_hour": 168.58
      },
      {
        "hashtag": "#christmasmarket",
        "relevance": 14,
        "total_posts": 2138606,
        "average_likes": 1414.67,
        "lowest_likes": 127,
        "average_comments_top_posts": 25.11,
        "posts_per_hour": 54.6
      },
      {
        "hashtag": "#karaj",
        "relevance": 14,
        "total_posts": 953036,
        "average_likes": 1730.63,
        "lowest_likes": 103,
        "average_comments_top_posts": 72.5,
        "posts_per_hour": 24.54
      },
      {
        "hashtag": "#garden",
        "relevance": 14,
        "total_posts": 59933695,
        "average_likes": 596.67,
        "lowest_likes": 123,
        "average_comments_top_posts": 22.44,
        "posts_per_hour": 843.43
      },
      {
        "hashtag": "#leaves",
        "relevance": 14,
        "average_likes": 263.5,
        "lowest_likes": 260,
        "average_comments_top_posts": 3
      },
      {
        "hashtag": "#photobyme",
        "relevance": 14,
        "total_posts": 1409361,
        "average_likes": 248.11,
        "lowest_likes": 112,
        "average_comments_top_posts": 16.44,
        "posts_per_hour": 26.06
      },
      {
        "hashtag": "#naturephotography",
        "relevance": 14,
        "total_posts": 135301093,
        "average_likes": 1033.11,
        "lowest_likes": 113,
        "average_comments_top_posts": 19.44,
        "posts_per_hour": 4447.06
      },
      {
        "hashtag": "#کرج",
        "relevance": 14
      },
      {
        "hashtag": "#موبایلگرافی",
        "relevance": 14
      },
      {
        "hashtag": "#برگ",
        "relevance": 14
      },
      {
        "hashtag": "#باغ",
        "relevance": 14
      },
      {
        "hashtag": "#عکاسی_طبیعت",
        "relevance": 14
      },
      {
        "hashtag": "#طبیعتگردی",
        "relevance": 14
      },
      {
        "hashtag": "#طبیعت",
        "relevance": 14
      },
      {
        "hashtag": "#برگریزان",
        "relevance": 14
      },
      {
        "hashtag": "#پاییز",
        "relevance": 14
      },
      {
        "hashtag": "#دهکده_تفریحی_باغستان",
        "relevance": 14
      },
      {
        "hashtag": "#december",
        "relevance": 14,
        "total_posts": 18031476,
        "average_likes": 3387.11,
        "lowest_likes": 144,
        "average_comments_top_posts": 138.33,
        "posts_per_hour": 852.07
      },
      {
        "hashtag": "#traveleurope",
        "relevance": 14,
        "total_posts": 2187942,
        "average_likes": 4865.67,
        "lowest_likes": 114,
        "average_comments_top_posts": 39.89,
        "posts_per_hour": 54.01
      },
      {
        "hashtag": "#photosession",
        "relevance": 14,
        "total_posts": 6705523,
        "average_likes": 228.67,
        "lowest_likes": 115,
        "average_comments_top_posts": 13.56,
        "posts_per_hour": 247.62
      },
      {
        "hashtag": "#bella",
        "relevance": 14,
        "total_posts": 13657356,
        "average_likes": 1362.22,
        "lowest_likes": 106,
        "average_comments_top_posts": 24.67,
        "posts_per_hour": 174.76
      },
      {
        "hashtag": "#charlesbridge",
        "relevance": 14,
        "total_posts": 679100,
        "average_likes": 2783.67,
        "lowest_likes": 151,
        "average_comments_top_posts": 44.56,
        "posts_per_hour": 2.81
      },
      {
        "hashtag": "#travelholic",
        "relevance": 14,
        "total_posts": 10717613,
        "average_likes": 142.78,
        "lowest_likes": 108,
        "average_comments_top_posts": 10.78,
        "posts_per_hour": 16.69
      }
    ]
  },
  "status": "ok",
  "status_message": "Query was successful",
  "@meta": {
    "api_version": "v1",
    "execution_time": "0ms",
    "cache_hit": true
  }
}