{
  "status": 200,
  "data": {
    "title": "100 Most Popular Instagram Hashtags",
    "row": [
      {
        "tag": "#love",
        "link": "https://top-instagram-hashtag.p.rapidapi.com/hashtag/love/",
        "total": 2147483647
      },
      {
        "tag": "#fashion",
        "link": "https://top-instagram-hashtag.p.rapidapi.com/hashtag/fashion/",
        "total": 974486301
      },
      {
        "tag": "#photooftheday",
        "link": "https://top-instagram-hashtag.p.rapidapi.com/hashtag/photooftheday/",
        "total": 949491849
      },
      {
        "tag": "#art",
        "link": "https://top-instagram-hashtag.p.rapidapi.com/hashtag/art/",
        "total": 810143449
      },
      {
        "tag": "#photography",
        "link": "https://top-instagram-hashtag.p.rapidapi.com/hashtag/photography/",
        "total": 771108537
      },
      {
        "tag": "#beautiful",
        "link": "https://top-instagram-hashtag.p.rapidapi.com/hashtag/beautiful/",
        "total": 762664764
      },
      {
        "tag": "#instagram",
        "link": "https://top-instagram-hashtag.p.rapidapi.com/hashtag/instagram/",
        "total": 694683606
      },
      {
        "tag": "#nature",
        "link": "https://top-instagram-hashtag.p.rapidapi.com/hashtag/nature/",
        "total": 661662519
      },
      {
        "tag": "#picoftheday",
        "link": "https://top-instagram-hashtag.p.rapidapi.com/hashtag/picoftheday/",
        "total": 656725154
      },
      {
        "tag": "#happy",
        "link": "https://top-instagram-hashtag.p.rapidapi.com/hashtag/happy/",
        "total": 640733987
      },
      {
        "tag": "#follow",
        "link": "https://top-instagram-hashtag.p.rapidapi.com/hashtag/follow/",
        "total": 597090577
      },
      {
        "tag": "#travel",
        "link": "https://top-instagram-hashtag.p.rapidapi.com/hashtag/travel/",
        "total": 583058163
      },
      {
        "tag": "#style",
        "link": "https://top-instagram-hashtag.p.rapidapi.com/hashtag/style/",
        "total": 582866391
      },
      {
        "tag": "#tbt",
        "link": "https://top-instagram-hashtag.p.rapidapi.com/hashtag/tbt/",
        "total": 573923583
      },
      {
        "tag": "#instadaily",
        "link": "https://top-instagram-hashtag.p.rapidapi.com/hashtag/instadaily/",
        "total": 540388230
      },
      {
        "tag": "#like4like",
        "link": "https://top-instagram-hashtag.p.rapidapi.com/hashtag/like4like/",
        "total": 535158358
      },
      {
        "tag": "#repost",
        "link": "https://top-instagram-hashtag.p.rapidapi.com/hashtag/repost/",
        "total": 534813702
      },
      {
        "tag": "#summer",
        "link": "https://top-instagram-hashtag.p.rapidapi.com/hashtag/summer/",
        "total": 499756868
      },
      {
        "tag": "#beauty",
        "link": "https://top-instagram-hashtag.p.rapidapi.com/hashtag/beauty/",
        "total": 458589546
      },
      {
        "tag": "#selfie",
        "link": "https://top-instagram-hashtag.p.rapidapi.com/hashtag/selfie/",
        "total": 451932040
      },
      {
        "tag": "#me",
        "link": "https://top-instagram-hashtag.p.rapidapi.com/hashtag/me/",
        "total": 450711309
      },
      {
        "tag": "#instalike",
        "link": "https://top-instagram-hashtag.p.rapidapi.com/hashtag/instalike/",
        "total": 436060930
      },
      {
        "tag": "#girl",
        "link": "https://top-instagram-hashtag.p.rapidapi.com/hashtag/girl/",
        "total": 432605459
      },
      {
        "tag": "#friends",
        "link": "https://top-instagram-hashtag.p.rapidapi.com/hashtag/friends/",
        "total": 421957969
      },
      {
        "tag": "#smile",
        "link": "https://top-instagram-hashtag.p.rapidapi.com/hashtag/smile/",
        "total": 407998958
      },
      {
        "tag": "#photo",
        "link": "https://top-instagram-hashtag.p.rapidapi.com/hashtag/photo/",
        "total": 402881981
      },
      {
        "tag": "#family",
        "link": "https://top-instagram-hashtag.p.rapidapi.com/hashtag/family/",
        "total": 393889743
      },
      {
        "tag": "#life",
        "link": "https://top-instagram-hashtag.p.rapidapi.com/hashtag/life/",
        "total": 385222817
      },
      {
        "tag": "#music",
        "link": "https://top-instagram-hashtag.p.rapidapi.com/hashtag/music/",
        "total": 378411712
      },
      {
        "tag": "#ootd",
        "link": "https://top-instagram-hashtag.p.rapidapi.com/hashtag/ootd/",
        "total": 368392205
      },
      {
        "tag": "#likeforlike",
        "link": "https://top-instagram-hashtag.p.rapidapi.com/hashtag/likeforlike/",
        "total": 353119620
      },
      {
        "tag": "#makeup",
        "link": "https://top-instagram-hashtag.p.rapidapi.com/hashtag/makeup/",
        "total": 344124587
      },
      {
        "tag": "#model",
        "link": "https://top-instagram-hashtag.p.rapidapi.com/hashtag/model/",
        "total": 310258031
      },
      {
        "tag": "#follow4follow",
        "link": "https://top-instagram-hashtag.p.rapidapi.com/hashtag/follow4follow/",
        "total": 300519519
      },
      {
        "tag": "#likeforlikes",
        "link": "https://top-instagram-hashtag.p.rapidapi.com/hashtag/likeforlikes/",
        "total": 299426986
      },
      {
        "tag": "#amazing",
        "link": "https://top-instagram-hashtag.p.rapidapi.com/hashtag/amazing/",
        "total": 295505076
      },
      {
        "tag": "#igers",
        "link": "https://top-instagram-hashtag.p.rapidapi.com/hashtag/igers/",
        "total": 292225485
      },
      {
        "tag": "#lifestyle",
        "link": "https://top-instagram-hashtag.p.rapidapi.com/hashtag/lifestyle/",
        "total": 286307646
      },
      {
        "tag": "#design",
        "link": "https://top-instagram-hashtag.p.rapidapi.com/hashtag/design/",
        "total": 283687810
      },
      {
        "tag": "#sunset",
        "link": "https://top-instagram-hashtag.p.rapidapi.com/hashtag/sunset/",
        "total": 283323943
      },
      {
        "tag": "#nofilter",
        "link": "https://top-instagram-hashtag.p.rapidapi.com/hashtag/nofilter/",
        "total": 282337788
      },
      {
        "tag": "#motivation",
        "link": "https://top-instagram-hashtag.p.rapidapi.com/hashtag/motivation/",
        "total": 278393021
      },
      {
        "tag": "#beach",
        "link": "https://top-instagram-hashtag.p.rapidapi.com/hashtag/beach/",
        "total": 270247901
      },
      {
        "tag": "#handmade",
        "link": "https://top-instagram-hashtag.p.rapidapi.com/hashtag/handmade/",
        "total": 269563181
      },
      {
        "tag": "#foodporn",
        "link": "https://top-instagram-hashtag.p.rapidapi.com/hashtag/foodporn/",
        "total": 264492893
      },
      {
        "tag": "#instamood",
        "link": "https://top-instagram-hashtag.p.rapidapi.com/hashtag/instamood/",
        "total": 259712049
      },
      {
        "tag": "#explore",
        "link": "https://top-instagram-hashtag.p.rapidapi.com/hashtag/explore/",
        "total": 255698917
      },
      {
        "tag": "#artist",
        "link": "https://top-instagram-hashtag.p.rapidapi.com/hashtag/artist/",
        "total": 244174334
      },
      {
        "tag": "#dogsofinstagram",
        "link": "https://top-instagram-hashtag.p.rapidapi.com/hashtag/dogsofinstagram/",
        "total": 244002870
      },
      {
        "tag": "#followforfollow",
        "link": "https://top-instagram-hashtag.p.rapidapi.com/hashtag/followforfollow/",
        "total": 242940601
      },
      {
        "tag": "#cat",
        "link": "https://top-instagram-hashtag.p.rapidapi.com/hashtag/cat/",
        "total": 242263067
      },
      {
        "tag": "#sky",
        "link": "https://top-instagram-hashtag.p.rapidapi.com/hashtag/sky/",
        "total": 241721693
      },
      {
        "tag": "#f4f",
        "link": "https://top-instagram-hashtag.p.rapidapi.com/hashtag/f4f/",
        "total": 240177472
      },
      {
        "tag": "#l4l",
        "link": "https://top-instagram-hashtag.p.rapidapi.com/hashtag/l4l/",
        "total": 237960134
      },
      {
        "tag": "#drawing",
        "link": "https://top-instagram-hashtag.p.rapidapi.com/hashtag/drawing/",
        "total": 235780860
      },
      {
        "tag": "#hair",
        "link": "https://top-instagram-hashtag.p.rapidapi.com/hashtag/hair/",
        "total": 226612540
      },
      {
        "tag": "#funny",
        "link": "https://top-instagram-hashtag.p.rapidapi.com/hashtag/funny/",
        "total": 221153384
      },
      {
        "tag": "#tagsforlikes",
        "link": "https://top-instagram-hashtag.p.rapidapi.com/hashtag/tagsforlikes/",
        "total": 219474787
      },
      {
        "tag": "#flowers",
        "link": "https://top-instagram-hashtag.p.rapidapi.com/hashtag/flowers/",
        "total": 219226816
      },
      {
        "tag": "#wedding",
        "link": "https://top-instagram-hashtag.p.rapidapi.com/hashtag/wedding/",
        "total": 215211634
      },
      {
        "tag": "#photographer",
        "link": "https://top-instagram-hashtag.p.rapidapi.com/hashtag/photographer/",
        "total": 214991230
      },
      {
        "tag": "#bestoftheday",
        "link": "https://top-instagram-hashtag.p.rapidapi.com/hashtag/bestoftheday/",
        "total": 214335305
      },
      {
        "tag": "#gym",
        "link": "https://top-instagram-hashtag.p.rapidapi.com/hashtag/gym/",
        "total": 212273661
      },
      {
        "tag": "#instafood",
        "link": "https://top-instagram-hashtag.p.rapidapi.com/hashtag/instafood/",
        "total": 207708999
      },
      {
        "tag": "#likeforfollow",
        "link": "https://top-instagram-hashtag.p.rapidapi.com/hashtag/likeforfollow/",
        "total": 207256877
      },
      {
        "tag": "#baby",
        "link": "https://top-instagram-hashtag.p.rapidapi.com/hashtag/baby/",
        "total": 205995754
      },
      {
        "tag": "#vsco",
        "link": "https://top-instagram-hashtag.p.rapidapi.com/hashtag/vsco/",
        "total": 205152032
      },
      {
        "tag": "#moda",
        "link": "https://top-instagram-hashtag.p.rapidapi.com/hashtag/moda/",
        "total": 205139573
      },
      {
        "tag": "#vscocam",
        "link": "https://top-instagram-hashtag.p.rapidapi.com/hashtag/vscocam/",
        "total": 203142587
      },
      {
        "tag": "#inspiration",
        "link": "https://top-instagram-hashtag.p.rapidapi.com/hashtag/inspiration/",
        "total": 202291429
      },
      {
        "tag": "#memes",
        "link": "https://top-instagram-hashtag.p.rapidapi.com/hashtag/memes/",
        "total": 200370768
      },
      {
        "tag": "#followforfollowback",
        "link": "https://top-instagram-hashtag.p.rapidapi.com/hashtag/followforfollowback/",
        "total": 199212844
      },
      {
        "tag": "#girls",
        "link": "https://top-instagram-hashtag.p.rapidapi.com/hashtag/girls/",
        "total": 196493574
      },
      {
        "tag": "#instapic",
        "link": "https://top-instagram-hashtag.p.rapidapi.com/hashtag/instapic/",
        "total": 194952204
      },
      {
        "tag": "#foodie",
        "link": "https://top-instagram-hashtag.p.rapidapi.com/hashtag/foodie/",
        "total": 190628975
      },
      {
        "tag": "#pretty",
        "link": "https://top-instagram-hashtag.p.rapidapi.com/hashtag/pretty/",
        "total": 187877469
      },
      {
        "tag": "#lol",
        "link": "https://top-instagram-hashtag.p.rapidapi.com/hashtag/lol/",
        "total": 178717478
      },
      {
        "tag": "#yummy",
        "link": "https://top-instagram-hashtag.p.rapidapi.com/hashtag/yummy/",
        "total": 177508431
      },
      {
        "tag": "#party",
        "link": "https://top-instagram-hashtag.p.rapidapi.com/hashtag/party/",
        "total": 175998306
      },
      {
        "tag": "#home",
        "link": "https://top-instagram-hashtag.p.rapidapi.com/hashtag/home/",
        "total": 175007784
      },
      {
        "tag": "#healthy",
        "link": "https://top-instagram-hashtag.p.rapidapi.com/hashtag/healthy/",
        "total": 174705853
      },
      {
        "tag": "#blackandwhite",
        "link": "https://top-instagram-hashtag.p.rapidapi.com/hashtag/blackandwhite/",
        "total": 170247984
      },
      {
        "tag": "#illustration",
        "link": "https://top-instagram-hashtag.p.rapidapi.com/hashtag/illustration/",
        "total": 166692594
      },
      {
        "tag": "#swag",
        "link": "https://top-instagram-hashtag.p.rapidapi.com/hashtag/swag/",
        "total": 166405165
      },
      {
        "tag": "#cool",
        "link": "https://top-instagram-hashtag.p.rapidapi.com/hashtag/cool/",
        "total": 166143035
      },
      {
        "tag": "#catsofinstagram",
        "link": "https://top-instagram-hashtag.p.rapidapi.com/hashtag/catsofinstagram/",
        "total": 165381661
      },
      {
        "tag": "#christmas",
        "link": "https://top-instagram-hashtag.p.rapidapi.com/hashtag/christmas/",
        "total": 164766125
      },
      {
        "tag": "#naturephotography",
        "link": "https://top-instagram-hashtag.p.rapidapi.com/hashtag/naturephotography/",
        "total": 161225770
      },
      {
        "tag": "#black",
        "link": "https://top-instagram-hashtag.p.rapidapi.com/hashtag/black/",
        "total": 160913487
      },
      {
        "tag": "#instafashion",
        "link": "https://top-instagram-hashtag.p.rapidapi.com/hashtag/instafashion/",
        "total": 157826078
      },
      {
        "tag": "#architecture",
        "link": "https://top-instagram-hashtag.p.rapidapi.com/hashtag/architecture/",
        "total": 155508199
      },
      {
        "tag": "#travelphotography",
        "link": "https://top-instagram-hashtag.p.rapidapi.com/hashtag/travelphotography/",
        "total": 155191738
      },
      {
        "tag": "#sea",
        "link": "https://top-instagram-hashtag.p.rapidapi.com/hashtag/sea/",
        "total": 155157111
      },
      {
        "tag": "#winter",
        "link": "https://top-instagram-hashtag.p.rapidapi.com/hashtag/winter/",
        "total": 154996942
      },
      {
        "tag": "#pink",
        "link": "https://top-instagram-hashtag.p.rapidapi.com/hashtag/pink/",
        "total": 153836513
      },
      {
        "tag": "#anime",
        "link": "https://top-instagram-hashtag.p.rapidapi.com/hashtag/anime/",
        "total": 153567506
      },
      {
        "tag": "#tattoo",
        "link": "https://top-instagram-hashtag.p.rapidapi.com/hashtag/tattoo/",
        "total": 153244931
      },
      {
        "tag": "#blue",
        "link": "https://top-instagram-hashtag.p.rapidapi.com/hashtag/blue/",
        "total": 152559148
      },
      {
        "tag": "#happiness",
        "link": "https://top-instagram-hashtag.p.rapidapi.com/hashtag/happiness/",
        "total": 152409099
      },
      {
        "tag": "#holiday",
        "link": "https://top-instagram-hashtag.p.rapidapi.com/hashtag/holiday/",
        "total": 152014620
      }
    ]
  }
}