{
  "data": {
    "distinct_hashtags_count": 23,
    "hashtags": [
      {
        "hashtag": "travelling",
        "relevance": 44
      },
      {
        "hashtag": "traveler",
        "relevance": 35
      },
      {
        "hashtag": "tourism",
        "relevance": 32
      },
      {
        "hashtag": "travelingram",
        "relevance": 28
      },
      {
        "hashtag": "igtravel",
        "relevance": 27
      },
      {
        "hashtag": "traveller",
        "relevance": 26
      },
      {
        "hashtag": "europe",
        "relevance": 26
      },
      {
        "hashtag": "tourist",
        "relevance": 24
      },
      {
        "hashtag": "travelblog",
        "relevance": 24
      },
      {
        "hashtag": "traveltheworld",
        "relevance": 23
      },
      {
        "hashtag": "travelblogger",
        "relevance": 23
      },
      {
        "hashtag": "roadtrip",
        "relevance": 19
      },
      {
        "hashtag": "instatraveling",
        "relevance": 18
      },
      {
        "hashtag": "instapassport",
        "relevance": 17
      },
      {
        "hashtag": "mytravelgram",
        "relevance": 16
      },
      {
        "hashtag": "ocean",
        "relevance": 16
      },
      {
        "hashtag": "outdoors",
        "relevance": 16
      },
      {
        "hashtag": "여행",
        "relevance": 16
      },
      {
        "hashtag": "instago",
        "relevance": 16
      },
      {
        "hashtag": "hiking",
        "relevance": 14
      },
      {
        "hashtag": "world",
        "relevance": 14
      },
      {
        "hashtag": "traveladdict",
        "relevance": 14
      },
      {
        "hashtag": "lonelyplanet",
        "relevance": 13
      }
    ]
  },
  "status": "ok",
  "status_message": "Query was successful",
  "@meta": {
    "api_version": "v1",
    "execution_time": "0ms",
    "cache_hit": true
  }
}